<configuration>
    <srcPath prefix="hdfs://127.0.0.1:54310/user/df/">
    <policy name = "df">
      <property>
        <name>srcReplication</name>
        <value>1</value>
      </property>
      <property>
        <name>targetReplication</name>
        <value>1</value>
        <description> after RAIDing, decrease the replication factor of a file to 
          this value.
        </description>
      </property>
      <property>
        <name>metaReplication</name>
        <value>1</value>
        <description> the replication factor of the RAID meta file
        </description>
      </property>
      <property>
        <name>modTimePeriod</name>
        <value>0</value>
        <description> time (milliseconds) after a file is modified to make it a
          candidate for RAIDing
        </description>
      </property>
      <erasureCode>jrs</erasureCode>
    </policy>
  </srcPath>
</configuration>
